<!-- Logback configuration. See http://logback.qos.ch/manual/index.html -->
<configuration scan="true" scanPeriod="10 seconds">
    <include resource="org/springframework/boot/logging/logback/base.xml" />
    <!-- 日志的公共输出格式 -->
    <!--<property name="commPattern" value="%d{yyyy-MM-dd HH:mm:ss} %-5level  %logger{0} -%L- %msg%n" />-->
    <property name="commPattern" value="%d{yyyy-MM-dd HH:mm:ss} [%p][%c][%M][%L]-> %m%n" />
    <property name="APP_NAME" value="wy-spider-" />
    <!-- 1、定义个输出Info级别的公共日志文件 -->
    <appender name="commInfoFileAppender"
              class="ch.qos.logback.core.rolling.RollingFileAppender">
        <Prudent>true</Prudent>
        <rollingPolicy class="ch.qos.logback.core.rolling.TimeBasedRollingPolicy">
            <!-- daily rollover -->
            <fileNamePattern>${LOG_PATH}/${APP_NAME}Info.%d{yyyy-MM-dd}.log
            </fileNamePattern>
            <maxHistory>3</maxHistory>
        </rollingPolicy>
        <encoder>
            <pattern>${commPattern}</pattern>
        </encoder>
    </appender>
    <!-- 公共信息日志对象 -->
    <logger name="commInfoFileLoger" level="info" additivity="false">
        <!-- 该将logger输出到公共文件信息 -->
        <appender-ref ref="commInfoFileAppender" />
    </logger>

    <appender name="INFO_FILE" class="ch.qos.logback.core.rolling.RollingFileAppender">
        <File>${LOG_PATH}/info.log</File>
        <rollingPolicy class="ch.qos.logback.core.rolling.TimeBasedRollingPolicy">
            <fileNamePattern>${LOG_PATH}/info-%d{yyyyMMdd}.log.%i</fileNamePattern>
            <timeBasedFileNamingAndTriggeringPolicy class="ch.qos.logback.core.rolling.SizeAndTimeBasedFNATP">
                <maxFileSize>50MB</maxFileSize>
            </timeBasedFileNamingAndTriggeringPolicy>
            <maxHistory>3</maxHistory>
        </rollingPolicy>
        <layout class="ch.qos.logback.classic.PatternLayout">
            <Pattern>${commPattern}</Pattern>
        </layout>
    </appender>

    <appender name="ERROR_FILE" class="ch.qos.logback.core.rolling.RollingFileAppender">
        <filter class="ch.qos.logback.classic.filter.ThresholdFilter">
            <level>ERROR</level>
        </filter>
        <File>${LOG_PATH}/error.log</File>
        <rollingPolicy class="ch.qos.logback.core.rolling.TimeBasedRollingPolicy">
            <fileNamePattern>${LOG_PATH}/error-%d{yyyyMMdd}.log.%i
            </fileNamePattern>
            <timeBasedFileNamingAndTriggeringPolicy class="ch.qos.logback.core.rolling.SizeAndTimeBasedFNATP">
                <maxFileSize>50MB</maxFileSize>
            </timeBasedFileNamingAndTriggeringPolicy>
            <maxHistory>3</maxHistory>
        </rollingPolicy>
        <layout class="ch.qos.logback.classic.PatternLayout">
            <Pattern>${commPattern}</Pattern>
        </layout>
    </appender>

    <logger name="com.wujie.matters.mapper" level="trace" />
    <root level="INFO">
        <appender-ref ref="INFO_FILE" />
        <appender-ref ref="ERROR_FILE" />
    </root>
</configuration>